{
  "title": "Final Examination - Data Visualization and Interactive Systems",
  "content_type": "quiz",
  "versions": [
    "A",
    "B",
    "C"
  ],
  "formats": [
    "pdf",
    "html",
    "docx"
  ],
  "export_date": "2025-09-25T18:29:31.139038",
  "branding": {
    "university_name": "Harvard University",
    "faculty": "Faculty of Arts and Sciences",
    "department": "Department of Computer Science",
    "course": "CS 171 - Visualization",
    "academic_year": "2024-2025",
    "semester": "Fall Semester",
    "instructor": "Prof. Hanspeter Pfister",
    "exam_date": "2024-12-15",
    "additional_notes": "Please ensure all visualizations are clearly labeled and include proper citations for data sources.",
    "watermark": "CONFIDENTIAL - Harvard University",
    "student_info": {
      "include_student_name": true,
      "include_student_id": true,
      "include_signature": true,
      "include_date_field": true
    },
    "has_logo": true,
    "logo_filename": "harvard_logo.png"
  }
}